Username,Name,Phone Number,Address,Email
ivy.doe34,Ivy Doe,(555) 170-7640,"356 Birch St, Coast City, CA",ivy.doe@example.com
quincy.irwin87,Quincy Irwin,(555) 119-2367,"890 Birch St, Gotham, KS",quincy.irwin@example.com
mona.clark20,Mona Clark,(555) 263-7353,"344 Aspen St, Star City, CA",mona.clark@example.com
rachel.turner73,Rachel Turner,(555) 246-1471,"215 Spruce St, Metropolis, NY",rachel.turner@example.com
nina.miller54,Nina Miller,(555) 860-6544,"901 Willow St, Star City, NV",nina.miller@example.com
alice.lee32,Alice Lee,(555) 458-2146,"855 Aspen St, Fawcett City, NJ",alice.lee@example.com
charlie.howard40,Charlie Howard,(555) 921-4821,"309 Willow St, Keystone City, KS",charlie.howard@example.com
henry.doe42,Henry Doe,(555) 211-3203,"111 Oak St, Central City, NV",henry.doe@example.com
ivy.lee28,Ivy Lee,(555) 943-5506,"664 Cedar St, Central City, NV",ivy.lee@example.com
grace.king37,Grace King,(555) 272-9481,"629 Birch St, Springfield, FL",grace.king@example.com
ivy.garcia52,Ivy Garcia,(555) 827-6395,"306 Maple St, Central City, IL",ivy.garcia@example.com
sam.king28,Sam King,(555) 490-1546,"229 Redwood St, Springfield, AZ",sam.king@example.com
charlie.brown74,Charlie Brown,(555) 589-4647,"453 Spruce St, Keystone City, AZ",charlie.brown@example.com
charlie.irwin5,Charlie Irwin,(555) 507-9281,"928 Maple St, Gateway City, CA",charlie.irwin@example.com
jack.king10,Jack King,(555) 969-1122,"286 Elm St, Central City, CA",jack.king@example.com
ivy.foster49,Ivy Foster,(555) 179-4116,"421 Spruce St, Gotham, OR",ivy.foster@example.com
oscar.irwin87,Oscar Irwin,(555) 563-4414,"150 Birch St, Fawcett City, FL",oscar.irwin@example.com
paula.brown82,Paula Brown,(555) 605-2829,"395 Cedar St, Coast City, NV",paula.brown@example.com
grace.james63,Grace James,(555) 700-2133,"789 Spruce St, Gotham, NV",grace.james@example.com
frank.davis22,Frank Davis,(555) 833-4660,"126 Aspen St, Metropolis, IL",frank.davis@example.com
charlie.clark96,Charlie Clark,(555) 858-4396,"933 Elm St, Fawcett City, OR",charlie.clark@example.com
henry.davis52,Henry Davis,(555) 235-4848,"884 Willow St, Metropolis, NV",henry.davis@example.com
quincy.baker81,Quincy Baker,(555) 978-7281,"489 Birch St, Springfield, NV",quincy.baker@example.com
quincy.miller6,Quincy Miller,(555) 378-2544,"227 Birch St, Gateway City, KS",quincy.miller@example.com
liam.clark76,Liam Clark,(555) 545-4072,"497 Redwood St, Smallville, TX",liam.clark@example.com
frank.turner75,Frank Turner,(555) 892-9226,"690 Redwood St, Star City, AZ",frank.turner@example.com
kathy.miller51,Kathy Miller,(555) 689-6922,"793 Birch St, Keystone City, OR",kathy.miller@example.com
sam.davis92,Sam Davis,(555) 777-3057,"966 Cedar St, Central City, KS",sam.davis@example.com
ivy.howard94,Ivy Howard,(555) 205-8439,"466 Elm St, Keystone City, TX",ivy.howard@example.com
rachel.irwin71,Rachel Irwin,(555) 761-2962,"949 Cedar St, Coast City, IL",rachel.irwin@example.com
quincy.lee23,Quincy Lee,(555) 460-8435,"458 Spruce St, Gotham, NY",quincy.lee@example.com
jane.dixon23,Jane Dixon,(555) 652-8793,"956 Cedar St, Smallville, IL",jane.dixon@example.com
rachel.davis1,Rachel Davis,(555) 894-8409,"168 Pine St, Coast City, NJ",rachel.davis@example.com
grace.turner84,Grace Turner,(555) 488-8581,"331 Aspen St, Star City, NY",grace.turner@example.com
bob.doe36,Bob Doe,(555) 783-1337,"234 Oak St, Coast City, NY",bob.doe@example.com
jack.evans80,Jack Evans,(555) 154-7688,"792 Pine St, Springfield, KS",jack.evans@example.com
jane.wilson48,Jane Wilson,(555) 129-6669,"127 Aspen St, Keystone City, NJ",jane.wilson@example.com
quincy.wilson93,Quincy Wilson,(555) 490-6271,"413 Maple St, Smallville, IL",quincy.wilson@example.com
charlie.smith90,Charlie Smith,(555) 310-4819,"290 Oak St, Coast City, NV",charlie.smith@example.com
ivy.james7,Ivy James,(555) 319-8750,"261 Maple St, Gateway City, TX",ivy.james@example.com
ivy.doe52,Ivy Doe,(555) 663-8641,"161 Cedar St, Gotham, IL",ivy.doe@example.com
john.miller28,John Miller,(555) 462-8136,"720 Redwood St, Metropolis, KS",john.miller@example.com
bob.garcia34,Bob Garcia,(555) 722-4331,"221 Oak St, Coast City, KS",bob.garcia@example.com
paula.davis61,Paula Davis,(555) 830-2534,"535 Spruce St, Fawcett City, NY",paula.davis@example.com
alice.garcia85,Alice Garcia,(555) 745-9025,"930 Pine St, Metropolis, NJ",alice.garcia@example.com
jack.wilson76,Jack Wilson,(555) 595-8494,"304 Willow St, Metropolis, IL",jack.wilson@example.com
mona.miller48,Mona Miller,(555) 993-5564,"197 Pine St, Keystone City, AZ",mona.miller@example.com
liam.evans5,Liam Evans,(555) 814-2678,"300 Willow St, Coast City, NJ",liam.evans@example.com
frank.harris81,Frank Harris,(555) 752-8556,"283 Redwood St, Gotham, NV",frank.harris@example.com
jane.brown74,Jane Brown,(555) 601-4481,"714 Aspen St, Smallville, TX",jane.brown@example.com
jack.clark17,Jack Clark,(555) 180-8317,"272 Spruce St, Smallville, FL",jack.clark@example.com
henry.king84,Henry King,(555) 710-9257,"364 Spruce St, Springfield, CA",henry.king@example.com
grace.evans14,Grace Evans,(555) 724-9992,"586 Spruce St, Gotham, IL",grace.evans@example.com
ivy.garcia47,Ivy Garcia,(555) 138-5260,"875 Willow St, Central City, AZ",ivy.garcia@example.com
bob.garcia31,Bob Garcia,(555) 709-1608,"552 Spruce St, Coast City, TX",bob.garcia@example.com
jane.foster8,Jane Foster,(555) 784-1270,"766 Redwood St, Smallville, TX",jane.foster@example.com
jane.johnson18,Jane Johnson,(555) 672-6662,"867 Oak St, Coast City, CA",jane.johnson@example.com
john.foster75,John Foster,(555) 567-3533,"600 Elm St, Central City, FL",john.foster@example.com
sam.garcia94,Sam Garcia,(555) 677-2103,"747 Elm St, Smallville, KS",sam.garcia@example.com
paula.evans46,Paula Evans,(555) 580-2791,"740 Spruce St, Gotham, OR",paula.evans@example.com
charlie.irwin91,Charlie Irwin,(555) 519-6614,"128 Elm St, Central City, IL",charlie.irwin@example.com
quincy.smith34,Quincy Smith,(555) 621-2243,"181 Willow St, Central City, TX",quincy.smith@example.com
frank.johnson75,Frank Johnson,(555) 571-2514,"587 Oak St, Gateway City, AZ",frank.johnson@example.com
jane.smith75,Jane Smith,(555) 869-6042,"853 Oak St, Keystone City, KS",jane.smith@example.com
henry.johnson67,Henry Johnson,(555) 384-1347,"786 Pine St, Smallville, NJ",henry.johnson@example.com
john.howard33,John Howard,(555) 904-7573,"338 Birch St, Gotham, NV",john.howard@example.com
mona.wilson51,Mona Wilson,(555) 991-2710,"977 Maple St, Metropolis, AZ",mona.wilson@example.com
john.wilson50,John Wilson,(555) 751-1671,"122 Maple St, Metropolis, NJ",john.wilson@example.com
sam.johnson31,Sam Johnson,(555) 229-7963,"998 Redwood St, Fawcett City, KS",sam.johnson@example.com
grace.clark12,Grace Clark,(555) 193-7348,"154 Oak St, Coast City, KS",grace.clark@example.com
bob.irwin95,Bob Irwin,(555) 170-2775,"763 Oak St, Central City, KS",bob.irwin@example.com
john.johnson71,John Johnson,(555) 764-4587,"186 Aspen St, Keystone City, CA",john.johnson@example.com
mona.evans42,Mona Evans,(555) 908-8869,"751 Elm St, Central City, KS",mona.evans@example.com
paula.doe25,Paula Doe,(555) 415-4758,"661 Willow St, Gateway City, CA",paula.doe@example.com
jane.king26,Jane King,(555) 437-4676,"423 Maple St, Gateway City, OR",jane.king@example.com
quincy.smith97,Quincy Smith,(555) 109-4411,"164 Birch St, Keystone City, NJ",quincy.smith@example.com
bob.miller6,Bob Miller,(555) 410-3515,"594 Maple St, Keystone City, CA",bob.miller@example.com
john.johnson85,John Johnson,(555) 559-6218,"142 Cedar St, Keystone City, NJ",john.johnson@example.com
bob.turner85,Bob Turner,(555) 880-9147,"961 Redwood St, Coast City, OR",bob.turner@example.com
frank.foster55,Frank Foster,(555) 462-5354,"490 Birch St, Coast City, TX",frank.foster@example.com
bob.dixon25,Bob Dixon,(555) 794-6575,"971 Maple St, Gotham, NY",bob.dixon@example.com
jane.clark25,Jane Clark,(555) 177-7573,"963 Oak St, Coast City, IL",jane.clark@example.com
rachel.dixon56,Rachel Dixon,(555) 680-5884,"213 Aspen St, Metropolis, FL",rachel.dixon@example.com
paula.james69,Paula James,(555) 577-2130,"708 Cedar St, Springfield, AZ",paula.james@example.com
jane.evans53,Jane Evans,(555) 886-1435,"279 Oak St, Gotham, NJ",jane.evans@example.com
quincy.irwin95,Quincy Irwin,(555) 554-3614,"622 Oak St, Smallville, CA",quincy.irwin@example.com
jack.harris54,Jack Harris,(555) 284-4878,"619 Aspen St, Smallville, TX",jack.harris@example.com
sam.johnson64,Sam Johnson,(555) 587-5622,"362 Redwood St, Coast City, NV",sam.johnson@example.com
ivy.baker92,Ivy Baker,(555) 795-4753,"766 Oak St, Central City, NV",ivy.baker@example.com
sam.harris27,Sam Harris,(555) 941-6734,"830 Willow St, Gateway City, KS",sam.harris@example.com
rachel.miller68,Rachel Miller,(555) 849-6323,"401 Redwood St, Fawcett City, NV",rachel.miller@example.com
rachel.baker48,Rachel Baker,(555) 109-6620,"410 Spruce St, Gotham, IL",rachel.baker@example.com
eve.harris4,Eve Harris,(555) 486-2660,"852 Willow St, Fawcett City, KS",eve.harris@example.com
sam.johnson90,Sam Johnson,(555) 152-3429,"982 Birch St, Gateway City, IL",sam.johnson@example.com
mona.dixon64,Mona Dixon,(555) 162-1842,"305 Spruce St, Star City, CA",mona.dixon@example.com
jack.baker78,Jack Baker,(555) 274-4576,"804 Birch St, Fawcett City, IL",jack.baker@example.com
henry.turner86,Henry Turner,(555) 241-4675,"866 Pine St, Metropolis, OR",henry.turner@example.com
eve.foster70,Eve Foster,(555) 620-3628,"614 Oak St, Metropolis, CA",eve.foster@example.com
sam.johnson68,Sam Johnson,(555) 206-8247,"611 Pine St, Metropolis, KS",sam.johnson@example.com
nina.garcia75,Nina Garcia,(555) 159-4574,"554 Maple St, Fawcett City, NV",nina.garcia@example.com
